{
  "version": "2024.1",
  "applications": [],
  "platforms": [
    {
      "name": "design_1_wrapper"
    }
  ],
  "systems": [
    {
      "name": "SOC_IMUapp_system",
      "platform": "C:/Users/PatrickKenis/SOC/IMU/design_1_wrapper/export/design_1_wrapper/design_1_wrapper.xpfm",
      "sysConfig": "design_1_wrapper",
      "buildConfig": "Debug",
      "applications": [
        {
          "name": "SOC_IMUapp",
          "platform": "C:/Users/PatrickKenis/SOC/IMU/design_1_wrapper/export/design_1_wrapper/design_1_wrapper.xpfm",
          "platformPath": "C:\\Users\\PatrickKenis\\SOC\\IMU\\design_1_wrapper\\export\\design_1_wrapper",
          "sysConfig": "design_1_wrapper",
          "domain": "standalone_ps7_cortexa9_0",
          "system": "SOC_IMUapp_system"
        }
      ],
      "platformPath": "C:\\Users\\PatrickKenis\\SOC\\IMU\\design_1_wrapper\\export\\design_1_wrapper"
    }
  ],
  "others": []
}